<?xml version="1.0" encoding="UTF-8"?>
<!DOCTYPE mapper PUBLIC "-//mybatis.org//DTD Mapper 3.0//EN" "http://mybatis.org/dtd/mybatis-3-mapper.dtd">
<mapper namespace="com.trilink.common.dao.hdz.CopywritingMapper">
  <resultMap id="BaseResultMap" type="com.trilink.common.entity.Copywriting">
    <!--
      WARNING - @mbg.generated
      This element is automatically generated by MyBatis Generator, do not modify.
      This element was generated on Fri Mar 30 20:20:38 CST 2018.
    -->
    <id column="id" jdbcType="INTEGER" property="id" />
    <result column="TaoBaoitemId" jdbcType="VARCHAR" property="taobaoitemid" />
    <result column="pic_url" jdbcType="VARCHAR" property="picUrl" />
    <result column="video_url" jdbcType="VARCHAR" property="videoUrl" />
    <result column="introduce" jdbcType="VARCHAR" property="introduce" />
    <result column="user_content" jdbcType="VARCHAR" property="userContent" />
    <result column="state" jdbcType="INTEGER" property="state" />
    <result column="c_user" jdbcType="INTEGER" property="cUser" />
    <result column="create_time" jdbcType="TIMESTAMP" property="createTime" />
    <result column="update_time" jdbcType="TIMESTAMP" property="updateTime" />
  </resultMap>
  <sql id="Example_Where_Clause">
    <!--
      WARNING - @mbg.generated
      This element is automatically generated by MyBatis Generator, do not modify.
      This element was generated on Fri Mar 30 20:20:38 CST 2018.
    -->
    <where>
      <foreach collection="oredCriteria" item="criteria" separator="or">
        <if test="criteria.valid">
          <trim prefix="(" prefixOverrides="and" suffix=")">
            <foreach collection="criteria.criteria" item="criterion">
              <choose>
                <when test="criterion.noValue">
                  and ${criterion.condition}
                </when>
                <when test="criterion.singleValue">
                  and ${criterion.condition} #{criterion.value}
                </when>
                <when test="criterion.betweenValue">
                  and ${criterion.condition} #{criterion.value} and #{criterion.secondValue}
                </when>
                <when test="criterion.listValue">
                  and ${criterion.condition}
                  <foreach close=")" collection="criterion.value" item="listItem" open="(" separator=",">
                    #{listItem}
                  </foreach>
                </when>
              </choose>
            </foreach>
          </trim>
        </if>
      </foreach>
    </where>
  </sql>
  <sql id="Update_By_Example_Where_Clause">
    <!--
      WARNING - @mbg.generated
      This element is automatically generated by MyBatis Generator, do not modify.
      This element was generated on Fri Mar 30 20:20:38 CST 2018.
    -->
    <where>
      <foreach collection="example.oredCriteria" item="criteria" separator="or">
        <if test="criteria.valid">
          <trim prefix="(" prefixOverrides="and" suffix=")">
            <foreach collection="criteria.criteria" item="criterion">
              <choose>
                <when test="criterion.noValue">
                  and ${criterion.condition}
                </when>
                <when test="criterion.singleValue">
                  and ${criterion.condition} #{criterion.value}
                </when>
                <when test="criterion.betweenValue">
                  and ${criterion.condition} #{criterion.value} and #{criterion.secondValue}
                </when>
                <when test="criterion.listValue">
                  and ${criterion.condition}
                  <foreach close=")" collection="criterion.value" item="listItem" open="(" separator=",">
                    #{listItem}
                  </foreach>
                </when>
              </choose>
            </foreach>
          </trim>
        </if>
      </foreach>
    </where>
  </sql>
  <sql id="Base_Column_List">
    <!--
      WARNING - @mbg.generated
      This element is automatically generated by MyBatis Generator, do not modify.
      This element was generated on Fri Mar 30 20:20:38 CST 2018.
    -->
    id, TaoBaoitemId, pic_url, video_url, introduce, user_content, state, c_user, create_time, 
    update_time
  </sql>
  <select id="selectByExample" parameterType="com.trilink.common.entity.CopywritingExample" resultMap="BaseResultMap">
    <!--
      WARNING - @mbg.generated
      This element is automatically generated by MyBatis Generator, do not modify.
      This element was generated on Fri Mar 30 20:20:38 CST 2018.
    -->
    select
    <if test="distinct">
      distinct
    </if>
    <include refid="Base_Column_List" />
    from copywriting
    <if test="_parameter != null">
      <include refid="Example_Where_Clause" />
    </if>
    <if test="orderByClause != null">
      order by ${orderByClause}
    </if>
  </select>
  <select id="selectByPrimaryKey" parameterType="java.lang.Integer" resultMap="BaseResultMap">
    <!--
      WARNING - @mbg.generated
      This element is automatically generated by MyBatis Generator, do not modify.
      This element was generated on Fri Mar 30 20:20:38 CST 2018.
    -->
    select 
    <include refid="Base_Column_List" />
    from copywriting
    where id = #{id,jdbcType=INTEGER}
  </select>
  <delete id="deleteByPrimaryKey" parameterType="java.lang.Integer">
    <!--
      WARNING - @mbg.generated
      This element is automatically generated by MyBatis Generator, do not modify.
      This element was generated on Fri Mar 30 20:20:38 CST 2018.
    -->
    delete from copywriting
    where id = #{id,jdbcType=INTEGER}
  </delete>
  <delete id="deleteByExample" parameterType="com.trilink.common.entity.CopywritingExample">
    <!--
      WARNING - @mbg.generated
      This element is automatically generated by MyBatis Generator, do not modify.
      This element was generated on Fri Mar 30 20:20:38 CST 2018.
    -->
    delete from copywriting
    <if test="_parameter != null">
      <include refid="Example_Where_Clause" />
    </if>
  </delete>
  <insert id="insert" parameterType="com.trilink.common.entity.Copywriting">
    <!--
      WARNING - @mbg.generated
      This element is automatically generated by MyBatis Generator, do not modify.
      This element was generated on Fri Mar 30 20:20:38 CST 2018.
    -->
    insert into copywriting (id, TaoBaoitemId, pic_url, 
      video_url, introduce, user_content, 
      state, c_user, create_time, 
      update_time)
    values (#{id,jdbcType=INTEGER}, #{taobaoitemid,jdbcType=VARCHAR}, #{picUrl,jdbcType=VARCHAR}, 
      #{videoUrl,jdbcType=VARCHAR}, #{introduce,jdbcType=VARCHAR}, #{userContent,jdbcType=VARCHAR}, 
      #{state,jdbcType=INTEGER}, #{cUser,jdbcType=INTEGER}, #{createTime,jdbcType=TIMESTAMP}, 
      #{updateTime,jdbcType=TIMESTAMP})
  </insert>
  <insert id="insertSelective" parameterType="com.trilink.common.entity.Copywriting">
    <!--
      WARNING - @mbg.generated
      This element is automatically generated by MyBatis Generator, do not modify.
      This element was generated on Fri Mar 30 20:20:38 CST 2018.
    -->
    insert into copywriting
    <trim prefix="(" suffix=")" suffixOverrides=",">
      <if test="id != null">
        id,
      </if>
      <if test="taobaoitemid != null">
        TaoBaoitemId,
      </if>
      <if test="picUrl != null">
        pic_url,
      </if>
      <if test="videoUrl != null">
        video_url,
      </if>
      <if test="introduce != null">
        introduce,
      </if>
      <if test="userContent != null">
        user_content,
      </if>
      <if test="state != null">
        state,
      </if>
      <if test="cUser != null">
        c_user,
      </if>
      <if test="createTime != null">
        create_time,
      </if>
      <if test="updateTime != null">
        update_time,
      </if>
    </trim>
    <trim prefix="values (" suffix=")" suffixOverrides=",">
      <if test="id != null">
        #{id,jdbcType=INTEGER},
      </if>
      <if test="taobaoitemid != null">
        #{taobaoitemid,jdbcType=VARCHAR},
      </if>
      <if test="picUrl != null">
        #{picUrl,jdbcType=VARCHAR},
      </if>
      <if test="videoUrl != null">
        #{videoUrl,jdbcType=VARCHAR},
      </if>
      <if test="introduce != null">
        #{introduce,jdbcType=VARCHAR},
      </if>
      <if test="userContent != null">
        #{userContent,jdbcType=VARCHAR},
      </if>
      <if test="state != null">
        #{state,jdbcType=INTEGER},
      </if>
      <if test="cUser != null">
        #{cUser,jdbcType=INTEGER},
      </if>
      <if test="createTime != null">
        #{createTime,jdbcType=TIMESTAMP},
      </if>
      <if test="updateTime != null">
        #{updateTime,jdbcType=TIMESTAMP},
      </if>
    </trim>
  </insert>
  <select id="countByExample" parameterType="com.trilink.common.entity.CopywritingExample" resultType="java.lang.Long">
    <!--
      WARNING - @mbg.generated
      This element is automatically generated by MyBatis Generator, do not modify.
      This element was generated on Fri Mar 30 20:20:38 CST 2018.
    -->
    select count(*) from copywriting
    <if test="_parameter != null">
      <include refid="Example_Where_Clause" />
    </if>
  </select>
  <update id="updateByExampleSelective" parameterType="map">
    <!--
      WARNING - @mbg.generated
      This element is automatically generated by MyBatis Generator, do not modify.
      This element was generated on Fri Mar 30 20:20:38 CST 2018.
    -->
    update copywriting
    <set>
      <if test="record.id != null">
        id = #{record.id,jdbcType=INTEGER},
      </if>
      <if test="record.taobaoitemid != null">
        TaoBaoitemId = #{record.taobaoitemid,jdbcType=VARCHAR},
      </if>
      <if test="record.picUrl != null">
        pic_url = #{record.picUrl,jdbcType=VARCHAR},
      </if>
      <if test="record.videoUrl != null">
        video_url = #{record.videoUrl,jdbcType=VARCHAR},
      </if>
      <if test="record.introduce != null">
        introduce = #{record.introduce,jdbcType=VARCHAR},
      </if>
      <if test="record.userContent != null">
        user_content = #{record.userContent,jdbcType=VARCHAR},
      </if>
      <if test="record.state != null">
        state = #{record.state,jdbcType=INTEGER},
      </if>
      <if test="record.cUser != null">
        c_user = #{record.cUser,jdbcType=INTEGER},
      </if>
      <if test="record.createTime != null">
        create_time = #{record.createTime,jdbcType=TIMESTAMP},
      </if>
      <if test="record.updateTime != null">
        update_time = #{record.updateTime,jdbcType=TIMESTAMP},
      </if>
    </set>
    <if test="_parameter != null">
      <include refid="Update_By_Example_Where_Clause" />
    </if>
  </update>
  <update id="updateByExample" parameterType="map">
    <!--
      WARNING - @mbg.generated
      This element is automatically generated by MyBatis Generator, do not modify.
      This element was generated on Fri Mar 30 20:20:38 CST 2018.
    -->
    update copywriting
    set id = #{record.id,jdbcType=INTEGER},
      TaoBaoitemId = #{record.taobaoitemid,jdbcType=VARCHAR},
      pic_url = #{record.picUrl,jdbcType=VARCHAR},
      video_url = #{record.videoUrl,jdbcType=VARCHAR},
      introduce = #{record.introduce,jdbcType=VARCHAR},
      user_content = #{record.userContent,jdbcType=VARCHAR},
      state = #{record.state,jdbcType=INTEGER},
      c_user = #{record.cUser,jdbcType=INTEGER},
      create_time = #{record.createTime,jdbcType=TIMESTAMP},
      update_time = #{record.updateTime,jdbcType=TIMESTAMP}
    <if test="_parameter != null">
      <include refid="Update_By_Example_Where_Clause" />
    </if>
  </update>
  <update id="updateByPrimaryKeySelective" parameterType="com.trilink.common.entity.Copywriting">
    <!--
      WARNING - @mbg.generated
      This element is automatically generated by MyBatis Generator, do not modify.
      This element was generated on Fri Mar 30 20:20:38 CST 2018.
    -->
    update copywriting
    <set>
      <if test="taobaoitemid != null">
        TaoBaoitemId = #{taobaoitemid,jdbcType=VARCHAR},
      </if>
      <if test="picUrl != null">
        pic_url = #{picUrl,jdbcType=VARCHAR},
      </if>
      <if test="videoUrl != null">
        video_url = #{videoUrl,jdbcType=VARCHAR},
      </if>
      <if test="introduce != null">
        introduce = #{introduce,jdbcType=VARCHAR},
      </if>
      <if test="userContent != null">
        user_content = #{userContent,jdbcType=VARCHAR},
      </if>
      <if test="state != null">
        state = #{state,jdbcType=INTEGER},
      </if>
      <if test="cUser != null">
        c_user = #{cUser,jdbcType=INTEGER},
      </if>
      <if test="createTime != null">
        create_time = #{createTime,jdbcType=TIMESTAMP},
      </if>
      <if test="updateTime != null">
        update_time = #{updateTime,jdbcType=TIMESTAMP},
      </if>
    </set>
    where id = #{id,jdbcType=INTEGER}
  </update>
  <update id="updateByPrimaryKey" parameterType="com.trilink.common.entity.Copywriting">
    <!--
      WARNING - @mbg.generated
      This element is automatically generated by MyBatis Generator, do not modify.
      This element was generated on Fri Mar 30 20:20:38 CST 2018.
    -->
    update copywriting
    set TaoBaoitemId = #{taobaoitemid,jdbcType=VARCHAR},
      pic_url = #{picUrl,jdbcType=VARCHAR},
      video_url = #{videoUrl,jdbcType=VARCHAR},
      introduce = #{introduce,jdbcType=VARCHAR},
      user_content = #{userContent,jdbcType=VARCHAR},
      state = #{state,jdbcType=INTEGER},
      c_user = #{cUser,jdbcType=INTEGER},
      create_time = #{createTime,jdbcType=TIMESTAMP},
      update_time = #{updateTime,jdbcType=TIMESTAMP}
    where id = #{id,jdbcType=INTEGER}
  </update>
  
  
  <resultMap id="WritingMap" type="com.trilink.common.entity.Itemsinfonew">
    <id column="TaoBaoitemId" jdbcType="VARCHAR" property="taobaoitemid" />
    <result column="CouponID" jdbcType="VARCHAR" property="couponid" />
    <result column="ItemTitle" jdbcType="VARCHAR" property="itemtitle" />
    <result column="ItemShortTitle" jdbcType="VARCHAR" property="itemshorttitle" />
    <result column="ItemPic" jdbcType="VARCHAR" property="itempic" />
    <result column="ItemMyCID" jdbcType="INTEGER" property="itemmycid" />
    <result column="ItemUrl" jdbcType="VARCHAR" property="itemurl" />
    <result column="ItemIntroduce" jdbcType="VARCHAR" property="itemintroduce" />
    <result column="SellerId" jdbcType="VARCHAR" property="sellerid" />
    <result column="ItemSaleNum" jdbcType="INTEGER" property="itemsalenum" />
    <result column="IsTMall" jdbcType="INTEGER" property="istmall" />
    <result column="ShopType" jdbcType="VARCHAR" property="shoptype" />
    <result column="OriginPrice" jdbcType="DECIMAL" property="originprice" />
    <result column="Commission" jdbcType="DECIMAL" property="commission" />
    <result column="CouponUrl" jdbcType="VARCHAR" property="couponurl" />
    <result column="CouponType" jdbcType="TINYINT" property="coupontype" />
    <result column="SalePrice" jdbcType="DECIMAL" property="saleprice" />
    <result column="CouponPrice" jdbcType="DECIMAL" property="couponprice" />
    <result column="CouponStartTime" jdbcType="TIMESTAMP" property="couponstarttime" />
    <result column="CouponEndTime" jdbcType="TIMESTAMP" property="couponendtime" />
    <result column="CouponSurplus" jdbcType="INTEGER" property="couponsurplus" />
    <result column="CouponReceive" jdbcType="INTEGER" property="couponreceive" />
    <result column="CouponCondition" jdbcType="VARCHAR" property="couponcondition" />
    <result column="CreateTime" jdbcType="TIMESTAMP" property="createtime" />
    <result column="UpdateTime" jdbcType="TIMESTAMP" property="updatetime" />
    <result column="CheckTime" jdbcType="TIMESTAMP" property="checktime" />
    <result column="CreateSourceName" jdbcType="VARCHAR" property="createsourcename" />
    <result column="UpdateSourceName" jdbcType="VARCHAR" property="updatesourcename" />
    <result column="CheckSourceName" jdbcType="VARCHAR" property="checksourcename" />
    <result column="InsertTag" jdbcType="VARCHAR" property="inserttag" />
    <result column="UpdateTag" jdbcType="VARCHAR" property="updatetag" />
    <result column="item_video_url" jdbcType="VARCHAR" property="itemVideoUrl" />
    <result column="item_flag" jdbcType="VARCHAR" property="itemFlag" />
    <result column="c_user" jdbcType="VARCHAR" property="cUser" />
    <result column="search_flag" jdbcType="INTEGER" property="searchFlag" />
    <result column="twohourssales" jdbcType="INTEGER" property="twohourssales" />
    <result column="twohoursupdatetime" jdbcType="TIMESTAMP" property="twohoursupdatetime" />
    <result column="item_pics" jdbcType="VARCHAR" property="itemPics" />
    <result column="taobaoDescUrl" jdbcType="VARCHAR" property="taobaodescurl" />
  </resultMap>
  <select id="getWritingList" parameterType="com.trilink.common.entity.GoodListParam" resultMap="WritingMap">
  	select b.TaoBaoitemId as TaoBaoitemId, b.CouponID as CouponID, b.ItemTitle as ItemTitle, 
  	b.ItemPic as ItemPic, b.ItemMyCID as ItemMyCID, b.ItemShortTitle as ItemShortTitle, 
    b.SellerId as SellerId, b.ItemSaleNum as ItemSaleNum, b.IsTMall as IsTMall, b.ShopType as ShopType, 
    b.OriginPrice as OriginPrice, b.Commission as Commission, b.CouponUrl as CouponUrl, b.CouponType as CouponType, 
    b.SalePrice as SalePrice, b.CouponPrice as CouponPrice, b.item_video_url as item_video_url, 
    b.twohourssales as twohourssales from copywriting as a left join itemsinfonew as b on a.c_user = b.c_user and a.`TaoBaoitemId` = b.`TaoBaoitemId`
  	<where>
  		<if test="param.itemMyCID != null">
  		and b.ItemMyCID = #{param.itemMyCID} 
  		</if>
  		<if test="param.startPrice != null">
  		and b.SalePrice &gt;= {param.startPrice} 
  		</if>
  		<if test="param.endPrice != null">
  		and b.SalePrice &lt;= #{param.endPrice} 
  		</if>
  		<if test="param.startTotalSales != null">
  		and b.ItemSaleNum &gt;= {param.startTotalSales} 
  		</if>
  		<if test="param.endtotalsales != null">
  		and b.ItemSaleNum &lt;= #{param.endtotalsales} 
  		</if>
  		<if test="param.recentDay != null">
  		and TIMESTAMPDIFF(DAY,b.CreateTime,now()) &lt;= #{param.recentDay}
  		</if>
  	</where>
  	order by #{param.columns}
  </select>
</mapper>