<?xml version="1.0" encoding="UTF-8" ?>
<!DOCTYPE mapper PUBLIC "-//mybatis.org//DTD Mapper 3.0//EN" "http://mybatis.org/dtd/mybatis-3-mapper.dtd" >
<mapper namespace="com.trilink.counter.mapper.InterfaceMethodMapper" >
  <resultMap id="BaseResultMap" type="com.trilink.counter.entity.InterfaceMethod" >
    <id column="path" property="path" jdbcType="VARCHAR" />
    <result column="class_name" property="className" jdbcType="VARCHAR" />
    <result column="method_name" property="methodName" jdbcType="VARCHAR" />
    <result column="rmark" property="rmark" jdbcType="VARCHAR" />
    <result column="create_time" property="createTime" jdbcType="TIMESTAMP" />
  </resultMap>
  <sql id="Example_Where_Clause" >
    <where >
      <foreach collection="oredCriteria" item="criteria" separator="or" >
        <if test="criteria.valid" >
          <trim prefix="(" suffix=")" prefixOverrides="and" >
            <foreach collection="criteria.criteria" item="criterion" >
              <choose >
                <when test="criterion.noValue" >
                  and ${criterion.condition}
                </when>
                <when test="criterion.singleValue" >
                  and ${criterion.condition} #{criterion.value}
                </when>
                <when test="criterion.betweenValue" >
                  and ${criterion.condition} #{criterion.value} and #{criterion.secondValue}
                </when>
                <when test="criterion.listValue" >
                  and ${criterion.condition}
                  <foreach collection="criterion.value" item="listItem" open="(" close=")" separator="," >
                    #{listItem}
                  </foreach>
                </when>
              </choose>
            </foreach>
          </trim>
        </if>
      </foreach>
    </where>
  </sql>
  <sql id="Update_By_Example_Where_Clause" >
    <where >
      <foreach collection="example.oredCriteria" item="criteria" separator="or" >
        <if test="criteria.valid" >
          <trim prefix="(" suffix=")" prefixOverrides="and" >
            <foreach collection="criteria.criteria" item="criterion" >
              <choose >
                <when test="criterion.noValue" >
                  and ${criterion.condition}
                </when>
                <when test="criterion.singleValue" >
                  and ${criterion.condition} #{criterion.value}
                </when>
                <when test="criterion.betweenValue" >
                  and ${criterion.condition} #{criterion.value} and #{criterion.secondValue}
                </when>
                <when test="criterion.listValue" >
                  and ${criterion.condition}
                  <foreach collection="criterion.value" item="listItem" open="(" close=")" separator="," >
                    #{listItem}
                  </foreach>
                </when>
              </choose>
            </foreach>
          </trim>
        </if>
      </foreach>
    </where>
  </sql>
  <sql id="Base_Column_List" >
    path, class_name, method_name, rmark, create_time
  </sql>
  <select id="selectByExample" resultMap="BaseResultMap" parameterType="com.trilink.counter.entity.InterfaceMethodExample" >
    select
    <if test="distinct" >
      distinct
    </if>
    'true' as QUERYID,
    <include refid="Base_Column_List" />
    from interface_method
    <if test="_parameter != null" >
      <include refid="Example_Where_Clause" />
    </if>
    <if test="orderByClause != null" >
      order by ${orderByClause}
    </if>
  </select>
  <select id="selectByPrimaryKey" resultMap="BaseResultMap" parameterType="java.lang.String" >
    select 
    <include refid="Base_Column_List" />
    from interface_method
    where path = #{path,jdbcType=VARCHAR}
  </select>
  <delete id="deleteByPrimaryKey" parameterType="java.lang.String" >
    delete from interface_method
    where path = #{path,jdbcType=VARCHAR}
  </delete>
  <delete id="deleteByExample" parameterType="com.trilink.counter.entity.InterfaceMethodExample" >
    delete from interface_method
    <if test="_parameter != null" >
      <include refid="Example_Where_Clause" />
    </if>
  </delete>
  <insert id="insert" parameterType="com.trilink.counter.entity.InterfaceMethod" >
    insert into interface_method (path, class_name, method_name, 
      rmark, create_time)
    values (#{path,jdbcType=VARCHAR}, #{className,jdbcType=VARCHAR}, #{methodName,jdbcType=VARCHAR}, 
      #{rmark,jdbcType=VARCHAR}, #{createTime,jdbcType=TIMESTAMP})
  </insert>
  <insert id="insertSelective" parameterType="com.trilink.counter.entity.InterfaceMethod" >
    insert into interface_method
    <trim prefix="(" suffix=")" suffixOverrides="," >
      <if test="path != null" >
        path,
      </if>
      <if test="className != null" >
        class_name,
      </if>
      <if test="methodName != null" >
        method_name,
      </if>
      <if test="rmark != null" >
        rmark,
      </if>
      <if test="createTime != null" >
        create_time,
      </if>
    </trim>
    <trim prefix="values (" suffix=")" suffixOverrides="," >
      <if test="path != null" >
        #{path,jdbcType=VARCHAR},
      </if>
      <if test="className != null" >
        #{className,jdbcType=VARCHAR},
      </if>
      <if test="methodName != null" >
        #{methodName,jdbcType=VARCHAR},
      </if>
      <if test="rmark != null" >
        #{rmark,jdbcType=VARCHAR},
      </if>
      <if test="createTime != null" >
        #{createTime,jdbcType=TIMESTAMP},
      </if>
    </trim>
  </insert>
  <select id="countByExample" parameterType="com.trilink.counter.entity.InterfaceMethodExample" resultType="java.lang.Integer" >
    select count(*) from interface_method
    <if test="_parameter != null" >
      <include refid="Example_Where_Clause" />
    </if>
  </select>
  <update id="updateByExampleSelective" parameterType="map" >
    update interface_method
    <set >
      <if test="record.path != null" >
        path = #{record.path,jdbcType=VARCHAR},
      </if>
      <if test="record.className != null" >
        class_name = #{record.className,jdbcType=VARCHAR},
      </if>
      <if test="record.methodName != null" >
        method_name = #{record.methodName,jdbcType=VARCHAR},
      </if>
      <if test="record.rmark != null" >
        rmark = #{record.rmark,jdbcType=VARCHAR},
      </if>
      <if test="record.createTime != null" >
        create_time = #{record.createTime,jdbcType=TIMESTAMP},
      </if>
    </set>
    <if test="_parameter != null" >
      <include refid="Update_By_Example_Where_Clause" />
    </if>
  </update>
  <update id="updateByExample" parameterType="map" >
    update interface_method
    set path = #{record.path,jdbcType=VARCHAR},
      class_name = #{record.className,jdbcType=VARCHAR},
      method_name = #{record.methodName,jdbcType=VARCHAR},
      rmark = #{record.rmark,jdbcType=VARCHAR},
      create_time = #{record.createTime,jdbcType=TIMESTAMP}
    <if test="_parameter != null" >
      <include refid="Update_By_Example_Where_Clause" />
    </if>
  </update>
  <update id="updateByPrimaryKeySelective" parameterType="com.trilink.counter.entity.InterfaceMethod" >
    update interface_method
    <set >
      <if test="className != null" >
        class_name = #{className,jdbcType=VARCHAR},
      </if>
      <if test="methodName != null" >
        method_name = #{methodName,jdbcType=VARCHAR},
      </if>
      <if test="rmark != null" >
        rmark = #{rmark,jdbcType=VARCHAR},
      </if>
      <if test="createTime != null" >
        create_time = #{createTime,jdbcType=TIMESTAMP},
      </if>
    </set>
    where path = #{path,jdbcType=VARCHAR}
  </update>
  <update id="updateByPrimaryKey" parameterType="com.trilink.counter.entity.InterfaceMethod" >
    update interface_method
    set class_name = #{className,jdbcType=VARCHAR},
      method_name = #{methodName,jdbcType=VARCHAR},
      rmark = #{rmark,jdbcType=VARCHAR},
      create_time = #{createTime,jdbcType=TIMESTAMP}
    where path = #{path,jdbcType=VARCHAR}
  </update>
  
  
  <insert id="insertList" parameterType="com.trilink.counter.entity.InterfaceMethod" >
    insert into interface_method (path, class_name, method_name, 
      rmark, create_time)
    values 
    <foreach collection="recordList" separator="," item="record">
    	 (#{record.path,jdbcType=VARCHAR}, #{record.className,jdbcType=VARCHAR}, #{record.methodName,jdbcType=VARCHAR}, 
      #{record.rmark,jdbcType=VARCHAR}, #{record.createTime,jdbcType=TIMESTAMP})
    </foreach>
  </insert>
  
</mapper>