<?xml version="1.0" encoding="UTF-8" ?>
<!DOCTYPE mapper PUBLIC "-//mybatis.org//DTD Mapper 3.0//EN" "http://mybatis.org/dtd/mybatis-3-mapper.dtd" >
<mapper namespace="com.trilink.counter.mapper.InterfaceCounterMapper" >
  <resultMap id="BaseResultMap" type="com.trilink.counter.entity.InterfaceCounter" >
    <id column="id" property="id" jdbcType="INTEGER" />
    <result column="path" property="path" jdbcType="VARCHAR" />
    <result column="status" property="status" jdbcType="INTEGER" />
    <result column="message" property="message" jdbcType="VARCHAR" />
    <result column="create_time" property="createTime" jdbcType="TIMESTAMP" />
    <result column="param" property="param" jdbcType="VARCHAR" />
    <result column="app_id" property="appId" jdbcType="VARCHAR" />
    <result column="num" property="num" jdbcType="INTEGER" />
  </resultMap>
  <sql id="Example_Where_Clause" >
    <where >
      <foreach collection="oredCriteria" item="criteria" separator="or" >
        <if test="criteria.valid" >
          <trim prefix="(" suffix=")" prefixOverrides="and" >
            <foreach collection="criteria.criteria" item="criterion" >
              <choose >
                <when test="criterion.noValue" >
                  and ${criterion.condition}
                </when>
                <when test="criterion.singleValue" >
                  and ${criterion.condition} #{criterion.value}
                </when>
                <when test="criterion.betweenValue" >
                  and ${criterion.condition} #{criterion.value} and #{criterion.secondValue}
                </when>
                <when test="criterion.listValue" >
                  and ${criterion.condition}
                  <foreach collection="criterion.value" item="listItem" open="(" close=")" separator="," >
                    #{listItem}
                  </foreach>
                </when>
              </choose>
            </foreach>
          </trim>
        </if>
      </foreach>
    </where>
  </sql>
  <sql id="Update_By_Example_Where_Clause" >
    <where >
      <foreach collection="example.oredCriteria" item="criteria" separator="or" >
        <if test="criteria.valid" >
          <trim prefix="(" suffix=")" prefixOverrides="and" >
            <foreach collection="criteria.criteria" item="criterion" >
              <choose >
                <when test="criterion.noValue" >
                  and ${criterion.condition}
                </when>
                <when test="criterion.singleValue" >
                  and ${criterion.condition} #{criterion.value}
                </when>
                <when test="criterion.betweenValue" >
                  and ${criterion.condition} #{criterion.value} and #{criterion.secondValue}
                </when>
                <when test="criterion.listValue" >
                  and ${criterion.condition}
                  <foreach collection="criterion.value" item="listItem" open="(" close=")" separator="," >
                    #{listItem}
                  </foreach>
                </when>
              </choose>
            </foreach>
          </trim>
        </if>
      </foreach>
    </where>
  </sql>
  <sql id="Base_Column_List" >
    id, path, status, message, create_time, param, app_id
  </sql>
  <select id="selectByExample" resultMap="BaseResultMap" parameterType="com.trilink.counter.entity.InterfaceCounterExample" >
    select
    <if test="distinct" >
      distinct
    </if>
    'true' as QUERYID,
    <include refid="Base_Column_List" />
    from interface_counter
    <if test="_parameter != null" >
      <include refid="Example_Where_Clause" />
    </if>
    <if test="orderByClause != null" >
      order by ${orderByClause}
    </if>
  </select>
  <select id="selectByPrimaryKey" resultMap="BaseResultMap" parameterType="java.lang.Integer" >
    select 
    <include refid="Base_Column_List" />
    from interface_counter
    where id = #{id,jdbcType=INTEGER}
  </select>
  <delete id="deleteByPrimaryKey" parameterType="java.lang.Integer" >
    delete from interface_counter
    where id = #{id,jdbcType=INTEGER}
  </delete>
  <delete id="deleteByExample" parameterType="com.trilink.counter.entity.InterfaceCounterExample" >
    delete from interface_counter
    <if test="_parameter != null" >
      <include refid="Example_Where_Clause" />
    </if>
  </delete>
  <insert id="insert" parameterType="com.trilink.counter.entity.InterfaceCounter" >
    insert into interface_counter (id, path, status, 
      message, create_time, param, 
      app_id)
    values (#{id,jdbcType=INTEGER}, #{path,jdbcType=VARCHAR}, #{status,jdbcType=INTEGER}, 
      #{message,jdbcType=VARCHAR}, #{createTime,jdbcType=TIMESTAMP}, #{param,jdbcType=VARCHAR}, 
      #{appId,jdbcType=VARCHAR})
  </insert>
  <insert id="insertSelective" parameterType="com.trilink.counter.entity.InterfaceCounter" >
    insert into interface_counter
    <trim prefix="(" suffix=")" suffixOverrides="," >
      <if test="id != null" >
        id,
      </if>
      <if test="path != null" >
        path,
      </if>
      <if test="status != null" >
        status,
      </if>
      <if test="message != null" >
        message,
      </if>
      <if test="createTime != null" >
        create_time,
      </if>
      <if test="param != null" >
        param,
      </if>
      <if test="appId != null" >
        app_id,
      </if>
    </trim>
    <trim prefix="values (" suffix=")" suffixOverrides="," >
      <if test="id != null" >
        #{id,jdbcType=INTEGER},
      </if>
      <if test="path != null" >
        #{path,jdbcType=VARCHAR},
      </if>
      <if test="status != null" >
        #{status,jdbcType=INTEGER},
      </if>
      <if test="message != null" >
        #{message,jdbcType=VARCHAR},
      </if>
      <if test="createTime != null" >
        #{createTime,jdbcType=TIMESTAMP},
      </if>
      <if test="param != null" >
        #{param,jdbcType=VARCHAR},
      </if>
      <if test="appId != null" >
        #{appId,jdbcType=VARCHAR},
      </if>
    </trim>
  </insert>
   <insert id="insertList" parameterType="com.trilink.counter.entity.InterfaceCounter" >
    insert into interface_counter (id, path, status, 
      message, create_time, param,app_id
      )
    values 
     <foreach collection="recordList" separator="," item="record">
	    (#{record.id,jdbcType=INTEGER}, #{record.path,jdbcType=VARCHAR}, #{record.status,jdbcType=INTEGER}, 
	      #{record.message,jdbcType=VARCHAR}, #{record.createTime,jdbcType=TIMESTAMP}, #{record.param,jdbcType=VARCHAR}
	      ,#{record.appId,jdbcType=VARCHAR})
      </foreach>
  </insert>
  <select id="countByExample" parameterType="com.trilink.counter.entity.InterfaceCounterExample" resultType="java.lang.Integer" >
    select count(*) from interface_counter
    <if test="_parameter != null" >
      <include refid="Example_Where_Clause" />
    </if>
  </select>
  <update id="updateByExampleSelective" parameterType="map" >
    update interface_counter
    <set >
      <if test="record.id != null" >
        id = #{record.id,jdbcType=INTEGER},
      </if>
      <if test="record.path != null" >
        path = #{record.path,jdbcType=VARCHAR},
      </if>
      <if test="record.status != null" >
        status = #{record.status,jdbcType=INTEGER},
      </if>
      <if test="record.message != null" >
        message = #{record.message,jdbcType=VARCHAR},
      </if>
      <if test="record.createTime != null" >
        create_time = #{record.createTime,jdbcType=TIMESTAMP},
      </if>
      <if test="record.param != null" >
        param = #{record.param,jdbcType=VARCHAR},
      </if>
      <if test="record.appId != null" >
        app_id = #{record.appId,jdbcType=VARCHAR},
      </if>
    </set>
    <if test="_parameter != null" >
      <include refid="Update_By_Example_Where_Clause" />
    </if>
  </update>
  <update id="updateByExample" parameterType="map" >
    update interface_counter
    set id = #{record.id,jdbcType=INTEGER},
      path = #{record.path,jdbcType=VARCHAR},
      status = #{record.status,jdbcType=INTEGER},
      message = #{record.message,jdbcType=VARCHAR},
      create_time = #{record.createTime,jdbcType=TIMESTAMP},
      param = #{record.param,jdbcType=VARCHAR},
      app_id = #{record.appId,jdbcType=VARCHAR}
    <if test="_parameter != null" >
      <include refid="Update_By_Example_Where_Clause" />
    </if>
  </update>
  <update id="updateByPrimaryKeySelective" parameterType="com.trilink.counter.entity.InterfaceCounter" >
    update interface_counter
    <set >
      <if test="path != null" >
        path = #{path,jdbcType=VARCHAR},
      </if>
      <if test="status != null" >
        status = #{status,jdbcType=INTEGER},
      </if>
      <if test="message != null" >
        message = #{message,jdbcType=VARCHAR},
      </if>
      <if test="createTime != null" >
        create_time = #{createTime,jdbcType=TIMESTAMP},
      </if>
      <if test="param != null" >
        param = #{param,jdbcType=VARCHAR},
      </if>
      <if test="appId != null" >
        app_id = #{appId,jdbcType=VARCHAR},
      </if>
    </set>
    where id = #{id,jdbcType=INTEGER}
  </update>
  <update id="updateByPrimaryKey" parameterType="com.trilink.counter.entity.InterfaceCounter" >
    update interface_counter
    set path = #{path,jdbcType=VARCHAR},
      status = #{status,jdbcType=INTEGER},
      message = #{message,jdbcType=VARCHAR},
      create_time = #{createTime,jdbcType=TIMESTAMP},
      param = #{param,jdbcType=VARCHAR},
      app_id = #{appId,jdbcType=VARCHAR}
    where id = #{id,jdbcType=INTEGER}
  </update>
  <select id="countByDate" parameterType="map" resultMap="BaseResultMap">
  	SELECT count(id) as num,path FROM `interface_counter` where create_time between #{start} and #{end} GROUP BY path ORDER BY num desc;
  </select>
</mapper>